mat.size,MPFR 96/DD,MPFR 100/DD,MPFR 104/DD,MPFR 106/DD,MPFR 112/DD,MPFR 128/DD,MPFR 192/QD,MPFR 200/QD,MPFR 208/QD,MPFR 212/QD,MPFR 224/QD
200,9.236842105,11.22368421,7.894736842,8.197368421,5.763157895,8.302631579,1.026722925,0.790878754,1.009943182,0.835487662,1.015714286
500,11.48497157,12.16084484,10.58407799,10.46628757,9.583265638,10.90008123,1.15475892,1.202473469,1.053480404,1.136291468,1.046711791
1000,9.694206503,10.32504375,8.517546284,8.931749102,7.966473243,9.506309294,1.270339359,1.406635543,1.229579402,1.335200009,1.229124468
2000,7.436565092,8.1797715,6.726405411,7.197927008,6.301551379,7.501514361,1.286466175,1.443290847,1.236244224,1.387696641,1.242282332
5000,8.976367182,9.069753517,9.067621365,9.712057177,7.803303571,9.241980818,1.623621725,1.826377889,1.757260185,1.79572463,1.851885898
