poly.order,MPFR 96/DD,MPFR 100/DD,MPFR 104/DD,MPFR 106/DD,MPFR 112/DD,MPFR 128/DD,MPFR 192/QD,MPFR 200/QD,MPFR 208/QD,MPFR 212/QD,MPFR 224/QD
1000,10,12,9.5,6.5,6.5,10.5,0.75,0.944444444,0.75,0.861111111,0.777777778
2000,5.923076923,6.692307692,4.846153846,4.923076923,4.076923077,6.307692308,0.721854305,0.874172185,0.708609272,0.794701987,0.721854305
5000,6.424657534,7.410958904,5.356164384,5.493150685,4.561643836,6.808219178,0.725720384,0.898612593,0.718249733,0.791889007,0.732123799
10000,6.486206897,7.572413793,5.44137931,5.710344828,4.568965517,6.917241379,0.711265721,0.909285523,0.723842655,0.790206048,0.725180626
20000,6.61942959,7.790552585,5.575757576,5.909090909,4.678253119,7.115864528,0.714925174,0.906199893,0.717797969,0.798369856,0.722274185
